{"cameraMode":{"drawMode":0,"name":"Shaded","section":"Shading Mode"},"sceneLighting":true,"audioPlay":false,"sceneViewState":{"m_AlwaysRefresh":false,"showFog":false,"showSkybox":false,"showFlares":false,"showImageEffects":false,"showParticleSystems":false,"showVisualEffectGraphs":true,"m_FxEnabled":true},"in2DMode":false,"pivot":{"x":10.488967895507813,"y":-8.060285568237305,"z":-2.665079116821289},"rotation":{"x":-0.3901389539241791,"y":-0.013248427771031857,"z":0.0056449915282428268,"w":-0.9206823110580444},"size":11.279031753540039,"orthographic":false}